id_,label
31336,1
1061127,2
1106406,3
13195,3
37879,4
1126012,4
1107140,5
1102850,1
31349,1
1106418,5
1123188,1
1128990,6
109323,4
217139,7
31353,1
32083,1
1126029,3
1118017,1
49482,1
753265,1
249858,5
1113739,3
48766,6
646195,4
1126050,3
59626,5
340299,1
354004,4
242637,1
1106492,2
74975,7
1152272,1
100701,7
66982,1
13960,3
13966,3
66990,1
182093,3
182094,6
13972,3
13982,5
16819,4
273152,6
237521,1
1153703,7
32872,3
284025,1
218666,7
16843,4
1153724,7
1153728,7
158098,4
8699,5
1134865,6
28456,5
248425,6
1112319,5
28471,3
175548,1
696345,1
28485,3
1139195,7
35778,4
28491,3
310530,7
1153784,6
1481,7
1153786,4
13212,1
1111614,7
5055,5
4329,4
330148,1
1105062,3
4330,4
5062,7
4335,4
158812,1
40124,5
1103610,5
688361,1
302545,4
20534,3
1031453,1
5086,4
193742,3
58268,2
424,2
40151,5
636098,5
260121,1
950052,1
434,3
1131270,4
1131274,4
1131277,4
1110947,7
662279,1
1139928,5
153063,4
134199,6
641956,1
20584,1
1130567,3
171225,1
714879,4
37998,2
50336,4
50337,4
15429,5
23448,1
1122574,1
1110998,1
853150,1
15431,5
646286,4
1152307,7
1115291,4
1106547,3
68463,2
59715,6
69198,1
7272,1
163235,1
7276,1
34315,1
644843,4
7297,1
628815,3
35061,6
68495,5
1136310,4
18313,3
34355,1
45212,1
1153091,2
8703,2
126920,4
126927,4
595157,6
140005,5
1117476,6
59798,1
219446,1
44514,1
287787,6
157401,1
1154500,7
682666,3
399173,7
198866,7
51834,5
200630,1
782486,1
1136393,1
137849,4
1153811,2
24966,5
11148,2
51866,5
24974,1
137868,4
28542,3
35,6
116021,5
348305,2
10430,7
39403,3
40,6
282700,1
1105116,4
35854,5
63477,7
124064,3
1120431,1
949318,1
649944,2
63486,5
1153866,2
1140040,1
1112426,1
239800,5
1131314,4
1153891,7
1129835,2
310653,4
1130600,3
1111733,1
210871,6
210872,6
1132083,1
132806,6
12631,1
12638,1
38771,1
232605,2
232606,2
1107312,3
1114605,1
68505,5
133553,1
144408,1
23502,1
1108050,1
23507,1
83826,1
133563,1
85299,1
49660,5
593060,6
341188,3
714975,4
1115375,1
95435,3
145176,1
1113934,7
1132809,2
22835,1
1153148,4
41714,6
1118245,3
1152436,7
1153166,7
1153169,2
38000,2
1152448,7
1137140,1
30895,5
5966,6
1136422,1
27174,1
1128407,7
1124844,1
1153195,1
1113995,1
1136442,1
8821,7
46079,6
119761,1
1111052,3
315789,6
1108841,1
1135746,5
100935,6
353541,1
60682,7
253762,4
8872,3
714260,4
137956,2
35922,4
2354,5
168410,3
346292,1
1153933,1
1119751,5
17798,7
400356,1
10531,1
1110390,7
714289,4
733167,1
81714,7
428610,1
552469,5
164885,6
81722,7
111866,5
194617,1
93318,1
134307,4
203646,1
367312,1
650814,6
93320,3
134315,4
134316,4
976334,3
1095507,4
134320,4
662416,4
194645,3
1131421,1
161221,1
38839,7
38846,7
133615,2
1112574,5
521207,7
3828,7
593105,6
390693,1
642847,4
1122704,1
4584,3
7419,3
30901,5
1115456,1
7432,3
573553,5
1022969,7
143801,1
612306,2
417017,7
396412,1
1107455,3
91975,3
180187,2
27203,5
1152508,6
69392,1
1118332,1
189577,4
1114777,7
75969,2
1132922,1
1153254,2
1117618,5
6767,7
27241,5
27246,1
95589,3
6771,5
86840,5
108962,4
6786,4
108963,4
108974,4
1117653,1
1152569,6
1132968,1
370366,1
108983,4
399339,3
64319,5
1110426,2
1102407,1
1127812,1
1128542,1
65057,4
159084,1
159085,1
65074,4
33895,6
2440,2
1717,4
249421,1
3187,4
591016,2
1110494,1
29492,1
400473,1
644334,4
949511,1
205192,1
763009,1
169280,1
1120643,6
645088,4
5348,1
124296,1
1121398,6
950305,1
567018,1
52000,1
52003,1
52007,1
58540,3
436796,1
948846,1
8213,3
671293,4
1131550,6
899119,2
1105394,3
85452,5
1112686,4
69418,1
8224,5
145315,2
575077,6
20850,5
44017,5
1135125,1
286562,1
1123553,3
1135137,1
325314,1
662572,1
159897,4
1130856,6
96335,1
755082,4
1123576,1
1103979,1
593260,6
601567,2
1119140,1
189655,4
31769,1
1107567,5
88356,4
1033,6
1034,6
1106849,1
16470,1
35343,1
16471,1
1154074,1
16476,1
23774,3
16485,1
136665,3
94953,1
9708,7
38205,6
645897,4
216877,2
18619,5
559804,4
6898,1
166420,5
787016,6
73146,4
1136634,5
1111230,3
3218,2
3229,1
193347,2
84020,4
3231,5
52847,5
193352,2
193354,2
1110531,7
686532,1
711598,5
1063773,1
3243,5
78994,1
181782,3
284414,7
114189,4
686559,1
253971,1
1106103,7
1114125,3
75318,1
45599,6
97892,7
446271,4
1106112,3
280876,4
12182,5
175909,7
64484,3
6125,5
1120713,7
1114153,1
12197,5
248823,3
919885,1
94229,1
1120731,3
23069,4
6151,3
6155,3
23070,4
644448,4
1112723,1
31097,7
6169,3
1106172,3
6170,3
211875,1
1109017,6
5454,1
6184,3
10796,7
10798,7
1120777,1
86258,5
154134,7
6196,3
20920,4
20923,4
22386,7
1131639,1
77515,5
93555,1
17201,3
644494,4
17208,3
1125082,6
1131647,1
74698,4
13652,1
20942,5
390894,4
390896,4
1125092,3
13656,1
1116347,3
13658,1
114966,1
120013,1
1117089,3
57948,5
334153,5
160732,2
1154103,4
12946,4
1104787,1
17242,4
321861,5
189721,4
1119211,1
12960,5
95718,5
6910,1
180373,1
6917,2
358884,5
887,6
180399,1
358894,5
1154169,1
120084,1
1120019,1
1152711,1
1154176,6
424540,1
1118546,4
643003,4
112099,7
1104007,5
1120049,1
175256,6
45605,6
15889,7
35490,7
221302,7
562123,1
1104031,7
1129442,1
1129443,1
1137466,6
328370,1
1103315,3
12210,5
1104055,5
64519,3
114,3
1109873,1
128,3
12238,5
1112099,5
18774,4
18777,4
130,3
23116,5
948299,1
6209,3
197054,3
6210,3
6213,3
6214,3
6216,3
6217,3
2653,5
2658,1
753047,5
188318,1
74700,4
67415,5
6220,3
2665,1
28957,4
143323,7
340075,1
1949,7
1953,7
1955,7
1959,7
390922,4
22431,2
1113541,1
1132418,1
628500,3
648106,1
1104809,1
4804,5
648112,1
33301,7
33303,7
267824,1
1138970,5
13717,2
1131719,2
1120866,1
1106287,1
755217,3
647408,6
1116410,7
1132459,1
1105574,1
1133196,6
307336,1
906,1
1131745,1
1131748,1
910,1
943,7
31927,1
101261,5
101263,5
31932,1
779960,1
1135358,5
1154230,4
1135368,1
28227,3
32688,1
189856,4
27510,5
27514,1
1154276,1
27530,1
1152821,1
28265,7
103430,1
27543,1
39126,4
28278,3
39131,7
10169,5
28287,3
1129518,4
1272,5
194223,4
10177,5
18811,4
18812,4
73327,7
1117942,3
15984,4
202522,4
1152858,4
1152859,1
10183,7
81350,3
259126,1
13024,2
1120170,3
46452,2
26850,1
18832,3
18833,3
82098,6
103482,1
158614,5
46468,4
71904,1
80656,1
29708,1
1128839,1
1128846,1
12330,1
240321,1
1128853,2
219976,7
38480,3
12350,5
1104191,1
7022,1
63931,2
68224,1
1110768,1
384428,1
1107041,7
1114352,1
1107062,6
288,3
1107067,7
91581,4
39904,1
6334,7
123825,1
23258,3
66805,6
6346,7
55968,3
368431,5
179702,1
1140547,1
1114388,5
90888,1
510715,4
33412,1
188471,3
1152143,5
1120962,1
1125258,1
648232,1
143476,4
1152150,1
1117249,5
25413,2
1152162,1
241821,1
350362,5
1116530,4
61069,6
1110000,4
646809,6
1105698,4
1152194,1
198653,6
1116569,1
77758,1
854434,1
1128151,6
1123867,5
191404,4
1116594,1
126793,4
43639,1
44368,6
97390,6
87915,4
131117,1
8581,1
27606,5
1115886,3
184157,3
8594,2
1152904,1
1120211,1
28350,3
1152910,3
27627,5
649731,1
308920,4
289780,6
289781,6
19621,1
1129608,1
1365,1
103543,4
28387,3
28389,3
43698,1
54550,7
1129621,1
46536,1
1129629,6
294126,2
568857,6
447224,6
38537,4
1152975,7
34979,5
1104261,5
139865,1
56709,6
1128945,6
19697,1
107177,5
1131165,4
1128959,6
152219,1
184918,1
16008,4
1122425,3
928873,1
206259,3
714748,4
1131189,4
217115,5
560936,1
1131198,6
1128985,6
466170,1
429805,7
561674,1
654177,7
95225,5
37884,4
37888,4
1128997,6
545647,5
42207,5
42209,5
82920,6
128202,5
128203,5
1134056,1
1102873,1
42221,5
1107171,7
1133338,6
67633,7
375825,4
48781,6
75674,3
289088,1
1152244,7
13917,3
75695,1
34257,1
1117348,1
574710,6
34263,1
1128204,6
34266,1
1128208,6
1116629,1
110162,7
110163,7
110164,7
628751,1
708945,1
1123926,5
1152277,1
77826,7
77829,7
8617,1
242663,4
8619,1
628764,1
628766,1
1125393,7
66986,1
646913,6
578309,1
18251,7
1152290,5
954315,2
212107,4
578337,1
907845,1
1127530,4
1128267,3
28412,3
594387,6
1127541,1
44455,6
45188,5
45189,5
62607,2
1127551,4
1123991,4
1127558,4
105057,5
1128291,6
1127566,4
1154459,6
218682,7
28447,7
1153736,5
62634,6
211432,5
112378,7
1113035,1
1118848,1
137790,5
217984,1
949217,1
28473,3
1104300,4
1105033,3
11093,4
696342,1
696343,1
696346,1
28487,3
5038,5
195150,2
62676,1
13213,3
576973,6
35797,1
134128,3
166825,7
175576,5
509379,5
1113084,1
53942,5
642621,4
1131236,4
1112369,1
446610,4
644093,4
411092,2
642641,4
408885,4
1131258,4
1131267,4
13269,4
1104379,1
1114502,6
1107215,7
83725,6
84459,5
642681,4
445938,4
1103676,1
1130568,1
1153003,1
51045,4
12576,6
144330,5
105865,1
51052,4
746058,1
1153014,4
641976,1
561789,4
1130586,1
368605,1
1133428,1
1113828,1
129042,7
129045,7
6539,5
1153031,1
1122580,5
1132706,7
1152308,7
105899,4
50354,1
1121867,5
1113852,5
1153056,3
94641,6
1153065,6
1133469,3
35070,7
576257,6
368657,1
1129018,6
263069,6
1129027,6
1152358,6
1125467,4
1125469,4
72101,1
40922,7
1153097,1
1109439,1
423463,4
128383,7
683360,4
1129040,6
52515,4
41666,5
1128319,6
1152379,5
1136342,6
1125492,6
1108728,2
265203,6
628888,1
1127619,2
56112,6
56115,6
56119,6
89547,5
51831,1
91038,4
96847,6
521855,4
594483,6
1119623,4
96851,6
1136397,1
158172,4
1127657,5
131315,1
131318,1
289945,1
62718,7
229635,6
56167,7
1119654,7
51879,4
10435,7
137873,4
168332,3
330208,1
689152,1
1120444,7
1153877,7
111770,4
1153879,7
108047,6
1131300,4
362926,2
129896,4
129897,4
59045,5
1153889,7
239810,7
20601,5
20602,5
416964,1
38722,5
72908,2
116081,2
1153897,6
116084,2
116087,2
1113182,3
1131330,4
582139,1
561809,4
14062,6
1104449,1
39474,6
27895,5
167670,4
1131345,1
1131348,1
14083,1
1103737,5
65650,5
93273,5
65653,5
5194,1
14090,4
1131360,6
1130634,1
976284,5
1130637,7
593022,6
1131374,6
975567,6
133550,1
145134,1
1130653,7
1130657,7
1104495,1
133566,1
133567,1
1122642,1
1114629,3
91852,7
91853,7
376704,7
1153101,2
32276,5
1130678,1
83847,1
8079,5
593068,6
285675,1
1130680,1
1106630,1
278394,1
285687,1
69284,6
6639,2
14807,5
152483,6
683404,4
593091,6
1117501,1
99023,1
99025,1
513189,6
1152421,6
1153150,2
99030,1
1105932,2
1153160,5
1106671,1
531348,4
577086,6
531351,4
25702,1
87482,1
135765,2
135766,2
1132864,4
22886,7
1118286,2
162664,4
1109542,4
1116835,1
1116839,7
1103016,1
1128425,1
1116842,5
1136446,1
1136447,1
27199,5
1125597,6
1132887,4
593813,6
594543,6
917493,1
1128430,7
51909,2
1108834,1
1128437,5
989397,5
97645,6
8832,7
1103031,4
346243,5
1119708,6
36620,7
25772,1
640617,6
8865,6
950986,1
35905,1
8875,6
25791,1
100961,1
738941,1
64271,7
3084,7
3085,7
28649,5
3095,7
3097,7
1153943,6
1121254,4
74427,1
231249,6
1105221,6
28674,5
1129907,4
650807,6
348437,5
1688,6
33013,3
38829,7
307015,6
127033,6
310742,4
1694,6
650834,6
1131420,1
193918,1
85324,1
642827,4
38845,7
193931,1
193932,1
4553,2
1116146,7
85352,6
261040,7
145215,7
646412,4
1131464,1
1131466,4
574264,6
458439,5
57764,5
646440,4
1111899,7
521252,5
1115471,2
1123493,5
601462,6
421481,4
385572,1
30934,5
84695,1
189566,4
69397,5
6741,5
177998,6
395725,1
61417,2
54129,6
1118347,1
1106764,2
102406,5
75972,2
95579,3
54132,6
27243,5
1153262,4
1153264,5
30973,1
1129208,5
1106771,1
27249,5
95586,3
95588,3
255233,7
6775,1
129287,1
27250,5
19231,5
1153275,5
1132948,1
1106789,4
95597,3
6784,1
682815,6
1153280,6
148170,6
263279,6
1116922,2
1152564,7
1118388,7
851968,1
3101,7
1129243,3
170798,7
3112,7
503877,6
17821,3
503883,6
561238,6
1110438,1
575795,6
1116974,1
272720,5
415693,6
18582,6
11325,2
11326,5
1103162,3
1111186,1
578645,6
578646,6
578649,6
1121313,7
11335,2
1102442,5
11339,5
52784,5
11342,5
1130080,1
3191,4
3192,4
400455,1
1135899,1
591017,2
751408,1
1140230,1
1140231,1
1106052,7
70970,6
67245,1
67246,1
205196,1
135130,3
123556,1
645084,4
1786,2
66556,6
1130808,1
4649,2
582343,5
395075,6
582349,1
20833,7
1131549,6
58552,1
85449,1
49811,5
77438,4
4660,5
66594,5
66596,2
314459,1
1116268,5
1103960,6
49843,2
1103969,4
593240,6
207395,7
593248,6
943087,5
7532,1
7537,1
25181,1
25184,1
16437,1
1103985,6
6814,4
6818,4
1154042,1
23738,5
1107558,4
137359,2
16451,1
318071,4
232860,1
1107572,5
49895,2
16474,1
1154076,6
626999,1
137380,2
1119178,7
33904,6
1119180,7
33907,6
174418,5
70281,1
73119,4
9716,5
174425,5
416455,6
18615,2
127940,1
1152663,3
675649,1
1117760,3
1138091,7
1152673,1
321004,6
139547,1
45533,1
3217,5
1111240,1
523574,4
1110515,6
73162,4
52835,2
3220,1
3223,5
1129367,6
1129368,6
1129369,6
84021,6
1127913,6
3233,4
3235,4
3236,5
562067,4
3240,5
92065,1
213246,1
911198,1
12158,5
20178,7
20179,7
80491,1
561364,4
20180,7
245955,3
1102548,7
1817,6
31043,1
1102550,6
20193,7
1110579,7
213279,1
1133010,4
157761,5
31055,1
12194,5
1133028,5
578780,6
12198,5
12199,5
90655,1
6130,1
337766,7
112787,7
1133047,6
1105428,2
785678,6
644441,4
672064,1
41216,1
1105433,4
1113459,3
55770,7
6163,3
259701,6
259702,6
1131607,4
430329,1
643734,1
643735,1
656048,7
1131611,5
617575,1
1105450,5
15076,1
10793,5
1117049,6
647315,6
33231,4
1116328,1
1104749,6
594025,6
315266,4
643777,1
1130927,1
1132385,5
1108329,7
1130929,1
1104769,4
594047,6
1130931,1
1130934,1
141868,7
593329,6
144701,6
574462,6
60170,1
120039,7
502574,7
293974,4
1119216,4
1108363,7
191216,1
469504,1
358866,4
1116397,7
191222,1
36145,1
1115677,1
577331,6
31863,4
566488,7
358887,4
6935,2
6939,2
197783,1
34708,1
1107674,6
248119,5
318187,2
1152714,1
1154173,4
300071,4
1120020,3
423816,6
1106966,3
148341,6
136766,2
325497,3
136767,5
136768,2
409255,1
1152740,3
1117833,7
309476,5
1120059,1
80515,1
65212,1
15892,7
1120084,1
576691,6
148399,5
175291,1
1112071,4
117,3
157805,5
300806,1
31105,1
154982,4
141160,1
112813,7
98693,6
98698,6
192734,5
12247,5
1109891,1
141171,1
312409,1
608190,6
608191,6
55801,7
1136791,6
815073,1
1114222,4
173884,4
1102646,1
63832,6
211906,5
83449,7
2654,5
815096,1
277263,2
1105505,1
48550,1
83461,2
48555,1
6238,5
636500,5
340078,1
1113534,1
578898,6
1951,7
1952,7
1956,7
636511,1
463825,5
1121569,1
1105531,4
14428,4
14429,4
74749,5
14430,4
14431,4
1132434,1
648121,1
582511,5
688849,1
1997,4
1131728,7
1106298,5
86359,3
647413,6
1120880,1
1131734,6
562940,2
230879,1
1104851,5
1152075,5
58758,6
230884,1
34082,4
1132486,1
39890,4
66782,2
218410,3
647447,6
1117184,7
66794,4
227178,6
936,7
940,7
575292,6
941,7
1109185,1
85688,2
28202,3
50807,6
379288,7
1154229,4
1109199,6
118682,4
153598,3
1154251,1
62417,4
1125909,4
79809,5
739280,1
70441,7
70442,7
70444,7
79817,4
129558,7
892139,3
576725,6
28254,1
1246,3
237376,5
27531,1
397488,6
42847,1
42848,6
155736,5
155738,5
39124,7
39127,2
39130,7
1153577,6
335733,6
28290,3
18815,7
1136814,6
1120169,5
82087,6
178209,2
139738,1
82090,6
18834,3
39165,4
190698,1
1125992,7
1109957,3
46470,5
46476,2
1129570,6
1071981,3
1129573,6
39199,1
12337,1
29723,4
694759,6
46491,5
1128856,2
1107010,7
643199,6
1104182,3
12347,1
63915,1
519353,4
608292,6
1121603,1
1130356,5
12359,1
192850,5
7032,4
1128881,2
140569,1
1114331,6
7041,1
561581,4
561582,4
192870,1
1113614,3
1102761,7
116528,5
561595,4
94416,2
5600,7
1000012,2
1114364,1
1121659,4
66809,3
6343,7
212777,2
583318,6
709518,1
350319,1
116553,6
170338,3
179706,1
1112929,1
656231,7
14531,7
1106370,1
1109208,6
1114398,1
95188,7
510718,4
208345,7
6378,3
22563,1
10981,1
110041,6
14549,5
95198,7
6385,3
575331,6
568045,2
1136110,1
1131828,7
67584,4
243274,1
135464,1
1105672,1
93755,5
756061,1
522338,4
219239,5
61073,6
262178,6
686015,1
1110024,7
613409,4
686030,1
227286,1
45061,5
646836,6
1108551,5
13885,1
1104999,6
566653,7
1127430,6
299197,1
1135455,1
97377,5
592826,2
566664,7
633030,4
633031,4
686061,5
592830,2
573964,6
1155073,2
17476,3
17477,6
190706,6
28336,6
573978,6
1107861,5
17488,3
1128198,6
1108597,7
103515,6
27623,1
200480,7
103529,7
649730,1
39210,1
46501,5
27632,3
649739,1
1119471,5
103531,7
470511,7
509233,5
236759,1
237489,1
1152944,3
1118764,5
643221,4
212097,4
608326,6
643239,4
1131116,6
202639,1
141324,6
294145,2
1128927,2
561610,4
561611,4
147870,1
248395,1
1128935,2
241133,5
141342,6
141347,6
1128946,6
1131164,4
12439,1
1131167,4
1129683,6
359067,7
117315,6
117316,6
144212,6
1106401,5
1134022,6
13193,3
1131192,4
1107136,6
1131195,1
1128982,6
121792,1
653441,4
385251,5
1126011,4
1134031,2
642593,1
1115166,7
737204,1
118079,3
1122460,1
1114442,6
589923,4
1121739,3
626574,4
1126037,1
645452,4
753264,5
1126044,1
74920,4
74921,4
1105718,1
48764,3
48768,3
1113742,6
74937,1
575402,6
168958,1
78508,1
289085,1
78511,6
308232,2
682508,4
75691,1
75693,3
75694,3
155158,2
1105764,3
1152259,4
579008,6
1128201,6
1133390,5
1118083,1
78549,1
604073,1
595056,6
1118092,3
1125386,5
78552,1
78555,1
78557,1
646900,6
595063,6
648369,1
1128227,6
89416,4
578306,1
683294,4
440815,4
126867,7
126868,7
72056,1
1119505,6
1128256,5
1108656,7
71336,1
1109392,1
40886,1
1115959,1
578347,1
284023,1
345340,3
621555,1
118873,1
8687,2
226698,1
578365,1
1135589,1
8696,5
1118823,5
411005,1
509315,6
171954,5
230300,3
1105011,4
1121057,7
592973,6
592975,6
48066,5
248431,6
1121063,5
592986,6
48075,2
289885,4
592993,6
592996,6
28489,3
590022,4
111676,7
13205,3
13208,3
102938,1
102939,1
416867,5
72805,2
574009,6
294239,1
1131223,4
77108,5
5064,7
5069,7
1131230,4
40125,4
1123215,5
20526,3
20528,7
77112,5
107251,5
107252,5
5075,7
126128,1
734406,1
40131,1
703953,4
40135,1
1131257,4
1123239,1
1129778,6
662250,1
711994,1
273949,5
1131266,4
1130539,7
377303,6
179180,1
1129798,6
1114512,2
1110950,7
12558,6
853114,1
853115,1
853116,1
853118,1
1114526,5
212930,1
206371,6
105856,1
463,7
20592,1
51049,4
20593,1
83746,1
124734,5
106590,4
1133417,4
1125402,4
1153024,4
853155,1
1118120,1
1105810,7
1113831,6
646289,4
1106546,4
31479,4
31483,4
31489,4
94639,6
631015,1
645571,4
1106568,1
430711,1
7296,1
1132731,6
1153064,5
93923,2
1134197,1
87363,6
395540,4
395547,1
50381,5
1129015,6
126909,4
143676,1
395553,1
752684,1
1129021,6
19045,6
631052,1
126912,4
116790,4
5869,1
579108,6
683355,4
1105877,4
59772,1
243483,6
126926,4
155277,4
1128314,6
1105887,2
1110209,4
307656,6
199571,1
1152394,1
60560,1
595193,6
990075,7
119686,1
1154520,1
28504,3
1154524,2
1154525,2
1129096,3
1128369,6
96845,6
380341,1
8766,2
1110256,5
55403,2
389715,5
1153816,6
131317,1
260979,5
264556,1
35852,3
1119671,1
1153853,6
1112417,4
1153860,6
1153861,1
35863,3
1121176,7
1131301,4
1131305,4
1105148,3
134219,6
671052,1
1131312,4
156794,4
1153896,6
1153899,6
167656,5
239829,7
1104435,4
187260,7
231198,1
1131334,4
1131335,4
142268,4
504,4
506,4
228990,1
228992,1
1132073,1
654326,6
1116044,4
1131359,6
643485,4
654339,6
1107319,5
132821,5
360028,5
214472,3
646334,4
653628,2
1107325,7
166989,5
1111788,5
151708,1
118259,3
32260,5
137130,4
92589,4
118260,3
124828,1
141596,1
197452,1
646357,4
1153106,1
30817,1
642798,4
1130676,1
1107355,3
1118209,5
987188,1
87417,6
23545,5
23546,2
1113926,1
94713,4
1107367,7
987197,5
521183,7
1114664,7
69296,6
51180,5
43165,1
1132815,1
1107385,1
100197,1
520471,2
215912,1
61312,6
1129106,7
43186,1
1129111,1
41732,3
22869,7
9513,5
9515,5
119712,6
270456,1
5959,7
576362,6
1153183,5
22874,7
22875,7
22876,7
1124837,4
1132857,4
594511,6
22883,5
238401,5
1136449,1
714208,4
9559,2
135798,7
1152490,1
1109566,5
1103038,7
177115,7
523394,4
1128453,6
1109581,4
101660,2
101662,5
9581,4
9586,6
1135750,1
51934,1
762980,1
1153900,6
593859,6
714256,4
8874,6
25794,1
75121,7
28632,5
1153922,1
1119742,4
63549,1
1138619,2
1102364,4
28640,5
28641,5
409725,2
292277,6
606479,6
1153942,6
1153945,6
1153946,1
709113,2
194609,1
90470,4
820661,1
820662,5
1105231,6
73712,1
54844,5
684972,4
134314,4
735303,6
824245,1
195361,3
529165,1
1131414,1
617378,1
1120563,7
47570,7
684986,1
735311,1
187354,2
1132157,4
58436,7
278403,1
58453,6
58454,7
206524,2
593104,6
133628,5
46887,1
49720,4
1131471,7
643597,4
1107418,6
1129994,4
573535,5
814836,2
1119004,1
1134320,4
1116181,5
1108167,5
1108169,1
49753,4
57773,2
7430,3
521251,7
593155,6
642894,4
1126315,1
1108175,1
1059953,5
521269,7
1118302,2
1130780,4
1134346,4
1134348,4
1135082,1
899085,2
124952,4
240791,6
189571,4
189572,4
1126350,5
189574,4
177993,6
27230,2
1119078,5
128540,6
308529,3
54131,6
75983,1
15670,6
33818,1
95594,3
6782,5
33823,1
25805,5
1153287,3
596075,7
817774,1
18532,1
18536,1
235670,2
235678,2
235679,2
739707,1
17811,6
503871,6
235683,2
1128531,2
594649,6
1128536,5
1102400,5
593921,6
486840,6
1127810,1
503893,6
399370,1
387795,6
220420,6
593942,6
8961,3
645016,4
481073,3
11337,5
578650,6
1130069,1
1127851,2
124224,1
37483,7
578669,6
1127863,2
1135894,1
645046,4
22229,6
149669,4
365294,3
169279,1
1138755,1
323128,5
22241,6
156977,1
763010,1
1120650,2
1105344,1
59244,7
286500,6
567005,1
644361,4
644363,4
154023,1
286513,6
459206,6
671269,1
1105360,2
1112650,4
632796,4
47682,1
47683,7
47684,7
4637,5
642920,1
634902,6
459213,6
459214,6
634904,6
459216,6
20821,2
178718,6
1108209,6
1112665,1
1104647,6
1140289,1
66563,6
67292,1
66564,6
154047,1
642930,1
654519,6
178727,6
1135108,4
593201,6
162075,1
593209,6
107569,1
1123530,6
1135115,1
1132285,5
1131557,6
162080,1
3932,7
593210,6
118424,1
1135122,1
634938,6
1131565,1
20857,2
118435,1
118436,1
643695,4
1130847,6
1111978,4
1154012,4
1108258,7
49844,2
49847,2
189620,4
189623,4
1108267,7
1050679,6
634975,6
1114838,5
577227,6
28026,7
601561,2
24476,4
1026,6
95642,7
270600,1
145384,3
16461,1
35335,1
1138027,7
1035,3
1114864,7
1154068,4
449841,2
1154071,4
1106854,1
210309,5
801170,6
251756,6
645870,4
144679,7
1138043,5
86923,1
342802,1
1152633,4
711527,5
684372,1
216878,5
62274,5
72406,3
101811,5
246618,6
1136631,5
1152676,6
235776,5
57119,6
119956,1
948147,1
739816,1
3222,7
1117786,2
1110520,1
36802,4
3232,5
3237,4
1111265,1
695284,5
37541,5
1110546,6
71736,4
1135955,1
12155,5
258259,1
1114118,1
606647,6
12165,5
1110563,1
12169,5
1133004,1
1133008,1
1102567,7
12195,5
28851,6
644427,4
1113438,6
1121459,7
689439,2
633585,4
31083,5
6152,3
1119987,7
1114184,1
82664,7
82666,7
672070,1
672071,1
632874,4
1114192,1
644470,4
5462,1
594011,6
20924,4
1131634,1
1120786,1
1112767,1
180301,4
160705,1
628458,1
628459,1
1130915,1
1116336,4
390889,1
57922,5
594039,6
13654,1
57932,1
73972,7
198443,6
60159,1
101143,7
101145,7
763181,1
44121,4
593328,6
259772,7
189708,4
60169,1
24530,3
467383,6
20972,3
13686,1
152731,1
118558,3
118559,3
1154123,1
1154124,1
1126503,7
40583,4
95719,4
693143,5
36131,4
1123689,4
6913,4
256106,1
36140,5
1115670,2
1108389,4
6923,2
6925,1
36162,4
62329,6
36167,3
6941,2
245288,3
62333,1
189774,4
1133846,1
167205,2
62347,3
267003,1
1114992,1
1112026,1
1119295,2
1111304,3
964248,4
45603,3
1109830,1
1152761,6
62389,7
444191,1
263482,2
263486,2
263498,6
675756,1
1125895,3
627024,1
12211,5
643069,4
1112075,1
884094,4
120817,1
1110628,4
18770,4
18773,4
173863,4
1130243,4
1102625,7
63812,7
18781,5
18785,4
1129494,1
578845,6
68115,7
293271,3
63835,7
1919,4
164,5
293285,5
12275,1
1103383,6
1114239,6
6215,3
288107,5
385067,7
1121537,5
1103394,7
6224,3
2663,1
104840,5
632935,4
1106236,7
375605,6
1132406,1
28964,4
308003,2
47839,3
753070,5
563613,1
1132416,1
2695,1
2696,1
2698,1
1105530,1
1113551,7
688824,1
1138968,6
1120858,1
40605,4
1132443,1
1999,5
33325,5
644577,4
66751,5
594119,6
1132461,1
1115701,4
1131741,6
270085,6
1136040,1
1131752,6
1131754,6
4878,7
1123756,6
1135345,1
1107728,1
1154232,4
1154233,4
17363,1
1213,2
149139,5
28230,4
50838,1
1125906,4
32698,4
754594,1
1133930,2
1115790,1
28249,3
1237,1
684531,1
238099,2
131042,1
444240,6
1112106,1
27535,4
28267,7
1120138,1
1117920,4
1125944,7
1118658,5
263553,1
1125953,2
114308,3
630817,1
687401,1
594900,6
10174,5
73323,7
46431,1
202520,4
15987,4
10186,5
294030,4
675847,1
190697,6
576795,6
1125993,7
519318,4
1120197,1
1152896,7
1122304,1
2702,1
1129572,1
1112194,1
29738,4
1128868,1
633721,4
630890,1
1123068,4
561568,4
733534,1
1102751,5
1114336,7
1123087,1
6311,5
116512,1
6318,7
7047,3
1123093,2
1103499,4
151430,2
431206,4
372862,2
561593,4
1106330,7
1105603,1
1132505,1
74821,4
6344,7
116545,6
733576,1
1112911,6
1105622,1
1102794,2
262108,1
116552,6
41417,7
1140543,1
14529,7
1117219,1
1107095,2
1140548,1
523010,1
42156,1
262121,6
22564,7
14545,1
22566,7
1106388,2
429781,5
335042,1
219218,4
610529,1
250566,7
1104946,5
195792,6
1152179,1
89308,7
350373,5
628667,3
628668,3
102061,6
430574,1
1107808,1
1110028,5
45052,4
89335,7
252715,2
4983,6
646837,6
1139009,1
252725,2
593544,6
299195,1
593559,6
1108570,5
272345,7
593560,6
70520,3
131122,1
8591,2
217852,2
264347,5
7867,7
27612,5
1152917,4
28359,3
103528,7
46500,5
27631,7
289779,6
103537,4
633081,4
255628,1
397590,2
1129610,6
50980,7
28385,3
427606,6
616336,2
1120252,4
1152958,1
1152959,1
1385,1
254923,6
34961,1
46547,5
13136,1
1131137,4
233106,1
561613,4
1131149,1
1104258,1
1152991,4
447250,1
115188,1
102879,5
1131150,1
56708,3
1128943,6
134060,5
102884,5
1131163,1
4274,7
1131172,4
767763,5
152226,5
152227,5
626530,4
626531,4
1131180,4
1130454,4
1131184,1
1128974,6
1128975,6
1128977,6
1128978,6
117328,7
24043,1
